weighted_background,q_background_Lorentz,counts_per_pixel,xshift,yshift,ellipticity_scale,exx,eyy,exy,salt_and_pepper_scale
0.05,0.05,10000.0,5.5,5.5,0.05,0.9612384504832326,0.95395416662389,-0.001380766232308967,0.0001
0,0,inf,5.5,5.5,0.05,0.9612384504832326,0.95395416662389,-0.001380766232308967,0.0001
0,0,inf,5.5,5.5,0.05,0.9612384504832326,0.95395416662389,-0.001380766232308967,0.0001
